{
	"class_name" : "PinholeCameraParameters",
	"extrinsic" : 
	[
		0.90485394048874879,
		-0.0517380790496349,
		0.42256658357972166,
		0.0,
		-0.42040207994890516,
		-0.26502219330024679,
		0.86777031997698628,
		0.0,
		0.067092753383793599,
		-0.96285326412417616,
		-0.2615571719697265,
		0.0,
		-0.0013974928199571579,
		9.1527856993556895,
		247.40604696054473,
		1.0
	],
	"intrinsic" : 
	{
		"height" : 768,
		"intrinsic_matrix" : 
		[
			665.1075101064489,
			0.0,
			0.0,
			0.0,
			665.1075101064489,
			0.0,
			511.5,
			383.5,
			1.0
		],
		"width" : 1024
	},
	"version_major" : 1,
	"version_minor" : 0
}